Tipo Cinfig. Cassa, Num Cassieri, Giorno, IC Tempo Attesa, IC Slowdown, IC SD Tempo Att, IC Abbandoni, IC Arrivi, Lungh. Fila Tollerata, Costo Mensile
Condivisa, 2, lunedì, "[00:04:10; 00:04:14]", "[6.869721; 6.935046]", "[00:00:11; 00:00:42]", "[2117.239603; 2167.760397]", "[4084.800716; 4141.399284]", 10, 1290700.000000
Condivisa, 2, martedì, "[00:04:11; 00:04:15]", "[6.903363; 6.989173]", "[00:00:11; 00:00:43]", "[1965.981621; 2024.818379]", "[3934.155351; 3987.744649]", 10, 1202440.000000
Condivisa, 2, mercoledì, "[00:04:10; 00:04:14]", "[6.879757; 6.958649]", "[00:00:13; 00:00:51]", "[2193.610335; 2258.089665]", "[4162.401890; 4220.798110]", 10, 1340710.000000
Condivisa, 2, giovedì, "[00:04:07; 00:04:10]", "[6.797220; 6.862539]", "[00:00:05; 00:00:20]", "[2173.463521; 2235.336479]", "[4144.265548; 4199.434452]", 10, 1327840.000000
Condivisa, 2, venerdì, "[00:04:07; 00:04:10]", "[6.791467; 6.851028]", "[00:00:05; 00:00:21]", "[2137.010465; 2197.289535]", "[4112.035630; 4167.464370]", 10, 1305490.000000
Condivisa, 2, sabato, "[00:04:09; 00:04:14]", "[6.866031; 6.965421]", "[00:00:18; 00:01:07]", "[1898.672444; 1952.427556]", "[3869.193558; 3919.606442]", 10, 1160530.000000
Condivisa, 2, domenica, "[00:04:02; 00:04:10]", "[6.674411; 6.849341]", "[00:00:43; 00:02:40]", "[1629.759505; 1686.740495]", "[3561.404015; 3620.695985]", 10, 1000150.000000
Condivisa, 3, lunedì, "[00:02:33; 00:02:36]", "[4.591805; 4.679382]", "[00:00:09; 00:00:36]", "[1171.416790; 1227.583210]", "[4084.800716; 4141.399284]", 10, 480714.000000
Condivisa, 3, martedì, "[00:02:29; 00:02:33]", "[4.500907; 4.596791]", "[00:00:12; 00:00:46]", "[1030.744314; 1086.955686]", "[3934.155351; 3987.744649]", 10, 405453.000000
Condivisa, 3, mercoledì, "[00:02:35; 00:02:39]", "[4.642695; 4.734393]", "[00:00:10; 00:00:39]", "[1248.336758; 1312.363242]", "[4162.401890; 4220.798110]", 10, 524514.000000
Condivisa, 3, giovedì, "[00:02:37; 00:02:42]", "[4.703751; 4.787603]", "[00:00:12; 00:00:46]", "[1217.366702; 1283.533298]", "[4144.265548; 4199.434452]", 10, 507759.000000
Condivisa, 3, venerdì, "[00:02:37; 00:02:41]", "[4.703604; 4.778303]", "[00:00:09; 00:00:34]", "[1179.707760; 1244.192240]", "[4112.035630; 4167.464370]", 10, 486585.000000
Condivisa, 3, sabato, "[00:02:24; 00:02:28]", "[4.383296; 4.488051]", "[00:00:14; 00:00:54]", "[984.852229; 1043.847771]", "[3869.193558; 3919.606442]", 10, 382746.000000
Condivisa, 3, domenica, "[00:02:08; 00:02:13]", "[4.028350; 4.121156]", "[00:00:10; 00:00:39]", "[810.210476; 860.489524]", "[3561.404015; 3620.695985]", 10, 293547.000000
Condivisa, 4, lunedì, "[00:01:17; 00:01:21]", "[2.828479; 2.911255]", "[00:00:08; 00:00:32]", "[428.518751; 477.381249]", "[4084.800716; 4141.399284]", 10, -88009.000000
Condivisa, 4, martedì, "[00:01:11; 00:01:15]", "[2.682327; 2.774742]", "[00:00:11; 00:00:43]", "[322.519411; 366.680589]", "[3934.155351; 3987.744649]", 10, -139325.500000
Condivisa, 4, mercoledì, "[00:01:22; 00:01:26]", "[2.931780; 3.026001]", "[00:00:10; 00:00:37]", "[479.318844; 524.281156]", "[4162.401890; 4220.798110]", 10, -65764.000000
Condivisa, 4, giovedì, "[00:01:20; 00:01:24]", "[2.896145; 2.987086]", "[00:00:10; 00:00:39]", "[435.730415; 478.569585]", "[4144.265548; 4199.434452]", 10, -90776.500000
Condivisa, 4, venerdì, "[00:01:19; 00:01:23]", "[2.858659; 2.951660]", "[00:00:10; 00:00:40]", "[397.550053; 439.349947]", "[4112.035630; 4167.464370]", 10, -111107.500000
Condivisa, 4, sabato, "[00:01:10; 00:01:15]", "[2.663377; 2.754859]", "[00:00:11; 00:00:40]", "[308.340793; 350.859207]", "[3869.193558; 3919.606442]", 10, -142336.000000
Condivisa, 4, domenica, "[00:01:03; 00:01:07]", "[2.475543; 2.579108]", "[00:00:12; 00:00:47]", "[256.445068; 298.554932]", "[3561.404015; 3620.695985]", 10, -146294.500000
Condivisa, 5, lunedì, "[00:00:30; 00:00:33]", "[1.719343; 1.791412]", "[00:00:06; 00:00:23]", "[88.142961; 108.857039]", "[4084.800716; 4141.399284]", 10, -421472.000000
Condivisa, 5, martedì, "[00:00:25; 00:00:27]", "[1.602463; 1.653787]", "[00:00:03; 00:00:11]", "[48.592509; 61.807491]", "[3934.155351; 3987.744649]", 10, -429194.000000
Condivisa, 5, mercoledì, "[00:00:33; 00:00:35]", "[1.782765; 1.844617]", "[00:00:04; 00:00:17]", "[96.734476; 113.065524]", "[4162.401890; 4220.798110]", 10, -427052.000000
Condivisa, 5, giovedì, "[00:00:31; 00:00:33]", "[1.736500; 1.791738]", "[00:00:03; 00:00:13]", "[85.413478; 104.586522]", "[4144.265548; 4199.434452]", 10, -430622.000000
Condivisa, 5, venerdì, "[00:00:29; 00:00:31]", "[1.689647; 1.737567]", "[00:00:02; 00:00:10]", "[67.398116; 81.401884]", "[4112.035630; 4167.464370]", 10, -439130.000000
Condivisa, 5, sabato, "[00:00:24; 00:00:27]", "[1.585795; 1.637213]", "[00:00:03; 00:00:11]", "[47.848929; 60.951071]", "[3869.193558; 3919.606442]", 10, -421688.000000
Condivisa, 5, domenica, "[00:00:22; 00:00:25]", "[1.528768; 1.591907]", "[00:00:04; 00:00:17]", "[34.000877; 47.899123]", "[3561.404015; 3620.695985]", 10, -393356.000000
Condivisa, 6, lunedì, "[00:00:10; 00:00:11]", "[1.243581; 1.267764]", "[00:00:00; 00:00:02]", "[7.721597; 16.178403]", "[4084.800716; 4141.399284]", 10, -470802.000000
Condivisa, 6, martedì, "[00:00:07; 00:00:08]", "[1.184228; 1.207599]", "[00:00:00; 00:00:02]", "[1.991431; 6.708569]", "[3934.155351; 3987.744649]", 10, -457104.000000
Condivisa, 6, mercoledì, "[00:00:11; 00:00:12]", "[1.258455; 1.283117]", "[00:00:00; 00:00:02]", "[8.689280; 16.410720]", "[4162.401890; 4220.798110]", 10, -479862.000000
Condivisa, 6, giovedì, "[00:00:10; 00:00:11]", "[1.243592; 1.268313]", "[00:00:00; 00:00:02]", "[6.409462; 13.190538]", "[4144.265548; 4199.434452]", 10, -479142.000000
Condivisa, 6, venerdì, "[00:00:09; 00:00:10]", "[1.216965; 1.240396]", "[00:00:00; 00:00:02]", "[4.296033; 10.003967]", "[4112.035630; 4167.464370]", 10, -476880.000000
Condivisa, 6, sabato, "[00:00:07; 00:00:08]", "[1.181071; 1.206062]", "[00:00:00; 00:00:02]", "[1.719221; 6.580779]", "[3869.193558; 3919.606442]", 10, -449238.000000
Condivisa, 6, domenica, "[00:00:06; 00:00:07]", "[1.153820; 1.179918]", "[00:00:00; 00:00:03]", "[1.603128; 4.796872]", "[3561.404015; 3620.695985]", 10, -413406.000000
Condivisa, 7, lunedì, "[00:00:03; 00:00:03]", "[1.078530; 1.093121]", "[00:00:00; 00:00:00]", "[-0.134514; 1.334514]", "[4084.800716; 4141.399284]", 10, -475012.000000
Condivisa, 7, martedì, "[00:00:02; 00:00:03]", "[1.059550; 1.070551]", "[00:00:00; 00:00:00]", "[-0.327900; 0.927900]", "[3934.155351; 3987.744649]", 10, -456934.000000
Condivisa, 7, mercoledì, "[00:00:03; 00:00:04]", "[1.085196; 1.097537]", "[00:00:00; 00:00:00]", "[-0.086139; 2.386139]", "[4162.401890; 4220.798110]", 10, -484102.000000
Condivisa, 7, giovedì, "[00:00:03; 00:00:03]", "[1.078572; 1.091463]", "[00:00:00; 00:00:00]", "[-0.042908; 0.642908]", "[4144.265548; 4199.434452]", 10, -482242.000000
Condivisa, 7, venerdì, "[00:00:02; 00:00:03]", "[1.070366; 1.082283]", "[00:00:00; 00:00:00]", "[-0.281105; 0.981105]", "[4112.035630; 4167.464370]", 10, -478360.000000
Condivisa, 7, sabato, "[00:00:02; 00:00:02]", "[1.057804; 1.069608]", "[00:00:00; 00:00:00]", "[-0.273250; 0.773250]", "[3869.193558; 3919.606442]", 10, -448978.000000
Condivisa, 7, domenica, "[00:00:02; 00:00:02]", "[1.050140; 1.061051]", "[00:00:00; 00:00:00]", "[0.000000; 0.000000]", "[3561.404015; 3620.695985]", 10, -412726.000000
Condivisa, 8, lunedì, "[00:00:01; 00:00:01]", "[1.027223; 1.033674]", "[00:00:00; 00:00:00]", "[-0.109300; 0.309300]", "[4084.800716; 4141.399284]", 10, -472712.000000
Condivisa, 8, martedì, "[00:00:00; 00:00:01]", "[1.020248; 1.025695]", "[00:00:00; 00:00:00]", "[-0.054650; 0.154650]", "[3934.155351; 3987.744649]", 10, -573312.500000
Condivisa, 8, mercoledì, "[00:00:01; 00:00:01]", "[1.029609; 1.035915]", "[00:00:00; 00:00:00]", "[-0.109300; 0.309300]", "[4162.401890; 4220.798110]", 10, -482132.000000
Condivisa, 8, giovedì, "[00:00:01; 00:00:01]", "[1.027065; 1.032476]", "[00:00:00; 00:00:00]", "[0.000000; 0.000000]", "[4144.265548; 4199.434452]", 10, -479822.000000
Condivisa, 8, venerdì, "[00:00:01; 00:00:01]", "[1.024267; 1.029755]", "[00:00:00; 00:00:00]", "[-0.054650; 0.154650]", "[4112.035630; 4167.464370]", 10, -475940.000000
Condivisa, 8, sabato, "[00:00:00; 00:00:01]", "[1.019845; 1.025472]", "[00:00:00; 00:00:00]", "[0.000000; 0.000000]", "[3869.193558; 3919.606442]", 10, -563360.000000
Condivisa, 8, domenica, "[00:00:00; 00:00:00]", "[1.017138; 1.021645]", "[00:00:00; 00:00:00]", "[0.000000; 0.000000]", "[3561.404015; 3620.695985]", 10, -517857.500000
Condivisa, 9, lunedì, "[00:00:00; 00:00:00]", "[1.009458; 1.012953]", "[00:00:00; 00:00:00]", "[0.000000; 0.000000]", "[4084.800716; 4141.399284]", 10, -593565.000000
Condivisa, 9, martedì, "[00:00:00; 00:00:00]", "[1.006935; 1.009808]", "[00:00:00; 00:00:00]", "[0.000000; 0.000000]", "[3934.155351; 3987.744649]", 10, -570742.500000
Condivisa, 9, mercoledì, "[00:00:00; 00:00:00]", "[1.010470; 1.013813]", "[00:00:00; 00:00:00]", "[0.000000; 0.000000]", "[4162.401890; 4220.798110]", 10, -605340.000000
Condivisa, 9, giovedì, "[00:00:00; 00:00:00]", "[1.009308; 1.011733]", "[00:00:00; 00:00:00]", "[0.000000; 0.000000]", "[4144.265548; 4199.434452]", 10, -602377.500000
Condivisa, 9, venerdì, "[00:00:00; 00:00:00]", "[1.008432; 1.011211]", "[00:00:00; 00:00:00]", "[0.000000; 0.000000]", "[4112.035630; 4167.464370]", 10, -597562.500000
Condivisa, 9, sabato, "[00:00:00; 00:00:00]", "[1.006814; 1.009585]", "[00:00:00; 00:00:00]", "[0.000000; 0.000000]", "[3869.193558; 3919.606442]", 10, -560760.000000
Condivisa, 9, domenica, "[00:00:00; 00:00:00]", "[1.005834; 1.007769]", "[00:00:00; 00:00:00]", "[0.000000; 0.000000]", "[3561.404015; 3620.695985]", 10, -515257.500000
Condivisa, 10, lunedì, "[00:00:00; 00:00:00]", "[1.003160; 1.004724]", "[00:00:00; 00:00:00]", "[0.000000; 0.000000]", "[4084.800716; 4141.399284]", 10, -590965.000000
Condivisa, 10, martedì, "[00:00:00; 00:00:00]", "[1.002243; 1.003499]", "[00:00:00; 00:00:00]", "[0.000000; 0.000000]", "[3934.155351; 3987.744649]", 10, -568142.500000
Condivisa, 10, mercoledì, "[00:00:00; 00:00:00]", "[1.003527; 1.005115]", "[00:00:00; 00:00:00]", "[0.000000; 0.000000]", "[4162.401890; 4220.798110]", 10, -602740.000000
Condivisa, 10, giovedì, "[00:00:00; 00:00:00]", "[1.003018; 1.003996]", "[00:00:00; 00:00:00]", "[0.000000; 0.000000]", "[4144.265548; 4199.434452]", 10, -599777.500000
Condivisa, 10, venerdì, "[00:00:00; 00:00:00]", "[1.002713; 1.003978]", "[00:00:00; 00:00:00]", "[0.000000; 0.000000]", "[4112.035630; 4167.464370]", 10, -594962.500000
Condivisa, 10, sabato, "[00:00:00; 00:00:00]", "[1.002172; 1.003321]", "[00:00:00; 00:00:00]", "[0.000000; 0.000000]", "[3869.193558; 3919.606442]", 10, -558160.000000
Condivisa, 10, domenica, "[00:00:00; 00:00:00]", "[1.001794; 1.002646]", "[00:00:00; 00:00:00]", "[0.000000; 0.000000]", "[3561.404015; 3620.695985]", 10, -512657.500000
Pseudo-Casuale, 2, lunedì, "[00:07:25; 00:07:34]", "[11.446468; 11.603487]", "[00:00:50; 00:03:06]", "[2105.656232; 2171.743768]", "[4084.800716; 4141.399284]", 10, 1535206.000000
Pseudo-Casuale, 2, martedì, "[00:07:30; 00:07:38]", "[11.574638; 11.732468]", "[00:00:41; 00:02:33]", "[1962.652563; 2011.847437]", "[3934.155351; 3987.744649]", 10, 1435207.000000
Pseudo-Casuale, 2, mercoledì, "[00:07:25; 00:07:33]", "[11.465170; 11.633167]", "[00:00:43; 00:02:39]", "[2191.080234; 2254.219766]", "[4162.401890; 4220.798110]", 10, 1590286.000000
Pseudo-Casuale, 2, giovedì, "[00:07:18; 00:07:23]", "[11.268948; 11.367674]", "[00:00:19; 00:01:12]", "[2158.935417; 2217.864583]", "[4144.265548; 4199.434452]", 10, 1568551.000000
Pseudo-Casuale, 2, venerdì, "[00:07:19; 00:07:23]", "[11.282267; 11.403298]", "[00:00:12; 00:00:46]", "[2128.071227; 2184.928773]", "[4112.035630; 4167.464370]", 10, 1547485.000000
Pseudo-Casuale, 2, sabato, "[00:07:26; 00:07:35]", "[11.498686; 11.706104]", "[00:01:01; 00:03:47]", "[1882.763276; 1935.736724]", "[3869.193558; 3919.606442]", 10, 1384414.000000
Pseudo-Casuale, 2, domenica, "[00:07:17; 00:07:31]", "[11.240158; 11.572681]", "[00:02:14; 00:08:17]", "[1608.082012; 1669.317988]", "[3561.404015; 3620.695985]", 10, 1203883.000000
Pseudo-Casuale, 3, lunedì, "[00:07:19; 00:07:32]", "[11.296039; 11.600631]", "[00:01:52; 00:06:53]", "[1147.441415; 1202.758585]", "[4084.800716; 4141.399284]", 10, 959646.000000
Pseudo-Casuale, 3, martedì, "[00:07:07; 00:07:22]", "[11.013490; 11.383831]", "[00:02:29; 00:09:12]", "[1000.411273; 1053.488727]", "[3934.155351; 3987.744649]", 10, 861627.000000
Pseudo-Casuale, 3, mercoledì, "[00:07:19; 00:07:33]", "[11.307916; 11.644147]", "[00:02:16; 00:08:22]", "[1228.658438; 1283.141562]", "[4162.401890; 4220.798110]", 10, 1012836.000000
Pseudo-Casuale, 3, giovedì, "[00:07:32; 00:07:41]", "[11.625416; 11.821611]", "[00:00:53; 00:03:17]", "[1191.216708; 1254.783292]", "[4144.265548; 4199.434452]", 10, 991911.000000
Pseudo-Casuale, 3, venerdì, "[00:07:34; 00:07:42]", "[11.642981; 11.809716]", "[00:00:43; 00:02:40]", "[1161.037319; 1224.362681]", "[4112.035630; 4167.464370]", 10, 971805.000000
Pseudo-Casuale, 3, sabato, "[00:06:49; 00:07:03]", "[10.600901; 10.927483]", "[00:01:59; 00:07:20]", "[963.856947; 1023.043053]", "[3869.193558; 3919.606442]", 10, 720702.000000
Pseudo-Casuale, 3, domenica, "[00:05:58; 00:06:16]", "[9.430202; 9.824631]", "[00:03:27; 00:12:43]", "[780.034257; 839.165743]", "[3561.404015; 3620.695985]", 10, 601291.500000
Pseudo-Casuale, 4, lunedì, "[00:05:05; 00:05:31]", "[8.166202; 8.758126]", "[00:07:14; 00:26:39]", "[345.572479; 403.027521]", "[4084.800716; 4141.399284]", 10, 234980.000000
Pseudo-Casuale, 4, martedì, "[00:04:45; 00:05:10]", "[7.698082; 8.291437]", "[00:07:16; 00:26:48]", "[243.535763; 292.864237]", "[3934.155351; 3987.744649]", 10, 171320.000000
Pseudo-Casuale, 4, mercoledì, "[00:05:30; 00:05:54]", "[8.752258; 9.333361]", "[00:06:47; 00:25:01]", "[406.145845; 457.354155]", "[4162.401890; 4220.798110]", 10, 269450.000000
Pseudo-Casuale, 4, giovedì, "[00:05:23; 00:05:50]", "[8.592525; 9.211809]", "[00:08:07; 00:29:55]", "[345.641073; 402.158927]", "[4144.265548; 4199.434452]", 10, 234740.000000
Pseudo-Casuale, 4, venerdì, "[00:05:17; 00:05:46]", "[8.461234; 9.130575]", "[00:09:21; 00:34:28]", "[302.497837; 355.302163]", "[4112.035630; 4167.464370]", 10, 207740.000000
Pseudo-Casuale, 4, sabato, "[00:04:38; 00:05:06]", "[7.555805; 8.195185]", "[00:08:27; 00:31:11]", "[213.521081; 265.178919]", "[3869.193558; 3919.606442]", 10, 154010.000000
Pseudo-Casuale, 4, domenica, "[00:04:13; 00:04:40]", "[6.934121; 7.570335]", "[00:08:01; 00:29:34]", "[188.370251; 234.529749]", "[3561.404015; 3620.695985]", 10, 137270.000000
Pseudo-Casuale, 5, lunedì, "[00:01:39; 00:02:00]", "[3.350257; 3.835184]", "[00:04:44; 00:17:27]", "[9.859207; 30.640793]", "[4084.800716; 4141.399284]", 10, -345029.000000
Pseudo-Casuale, 5, martedì, "[00:00:56; 00:01:11]", "[2.331514; 2.674893]", "[00:02:20; 00:08:37]", "[-0.437200; 1.237200]", "[3934.155351; 3987.744649]", 10, -343245.500000
Pseudo-Casuale, 5, mercoledì, "[00:01:49; 00:02:10]", "[3.563524; 4.056567]", "[00:04:47; 00:17:40]", "[6.774012; 22.425988]", "[4162.401890; 4220.798110]", 10, -355484.000000
Pseudo-Casuale, 5, giovedì, "[00:01:33; 00:01:58]", "[3.195155; 3.778191]", "[00:06:47; 00:25:00]", "[6.031462; 23.468538]", "[4144.265548; 4199.434452]", 10, -353616.500000
Pseudo-Casuale, 5, venerdì, "[00:01:13; 00:01:29]", "[2.722887; 3.100715]", "[00:02:50; 00:10:27]", "[-0.455178; 2.655178]", "[4112.035630; 4167.464370]", 10, -358917.500000
Pseudo-Casuale, 5, sabato, "[00:00:56; 00:01:12]", "[2.318321; 2.707059]", "[00:02:59; 00:11:00]", "[-0.932132; 3.532132]", "[3869.193558; 3919.606442]", 10, -336716.000000
Pseudo-Casuale, 5, domenica, "[00:00:48; 00:00:57]", "[2.126468; 2.347775]", "[00:00:56; 00:03:29]", "[0.000000; 0.000000]", "[3561.404015; 3620.695985]", 10, -417926.000000
Pseudo-Casuale, 6, lunedì, "[00:00:24; 00:00:26]", "[1.565146; 1.623077]", "[00:00:04; 00:00:14]", "[0.000000; 0.000000]", "[4084.800716; 4141.399284]", 10, -477972.000000
Pseudo-Casuale, 6, martedì, "[00:00:19; 00:00:21]", "[1.461903; 1.505214]", "[00:00:02; 00:00:07]", "[0.000000; 0.000000]", "[3934.155351; 3987.744649]", 10, -459714.000000
Pseudo-Casuale, 6, mercoledì, "[00:00:25; 00:00:27]", "[1.596312; 1.653772]", "[00:00:03; 00:00:13]", "[0.000000; 0.000000]", "[4162.401890; 4220.798110]", 10, -487392.000000
Pseudo-Casuale, 6, giovedì, "[00:00:24; 00:00:26]", "[1.566546; 1.617418]", "[00:00:03; 00:00:11]", "[0.000000; 0.000000]", "[4144.265548; 4199.434452]", 10, -485022.000000
Pseudo-Casuale, 6, venerdì, "[00:00:22; 00:00:23]", "[1.519328; 1.561599]", "[00:00:02; 00:00:07]", "[0.000000; 0.000000]", "[4112.035630; 4167.464370]", 10, -481170.000000
Pseudo-Casuale, 6, sabato, "[00:00:19; 00:00:20]", "[1.448645; 1.490226]", "[00:00:02; 00:00:07]", "[0.000000; 0.000000]", "[3869.193558; 3919.606442]", 10, -451728.000000
Pseudo-Casuale, 6, domenica, "[00:00:16; 00:00:18]", "[1.395665; 1.437338]", "[00:00:02; 00:00:07]", "[0.000000; 0.000000]", "[3561.404015; 3620.695985]", 10, -415326.000000
Pseudo-Casuale, 7, lunedì, "[00:00:12; 00:00:13]", "[1.286647; 1.308351]", "[00:00:00; 00:00:02]", "[0.000000; 0.000000]", "[4084.800716; 4141.399284]", 10, -475372.000000
Pseudo-Casuale, 7, martedì, "[00:00:10; 00:00:11]", "[1.245303; 1.263064]", "[00:00:00; 00:00:01]", "[0.000000; 0.000000]", "[3934.155351; 3987.744649]", 10, -457114.000000
Pseudo-Casuale, 7, mercoledì, "[00:00:13; 00:00:13]", "[1.306712; 1.324677]", "[00:00:00; 00:00:01]", "[0.000000; 0.000000]", "[4162.401890; 4220.798110]", 10, -484792.000000
Pseudo-Casuale, 7, giovedì, "[00:00:12; 00:00:13]", "[1.290595; 1.312213]", "[00:00:00; 00:00:01]", "[0.000000; 0.000000]", "[4144.265548; 4199.434452]", 10, -482422.000000
Pseudo-Casuale, 7, venerdì, "[00:00:11; 00:00:12]", "[1.272087; 1.291327]", "[00:00:00; 00:00:01]", "[0.000000; 0.000000]", "[4112.035630; 4167.464370]", 10, -478570.000000
Pseudo-Casuale, 7, sabato, "[00:00:10; 00:00:10]", "[1.237633; 1.254852]", "[00:00:00; 00:00:01]", "[0.000000; 0.000000]", "[3869.193558; 3919.606442]", 10, -449128.000000
Pseudo-Casuale, 7, domenica, "[00:00:09; 00:00:09]", "[1.216159; 1.234671]", "[00:00:00; 00:00:01]", "[0.000000; 0.000000]", "[3561.404015; 3620.695985]", 10, -412726.000000
Pseudo-Casuale, 8, lunedì, "[00:00:06; 00:00:07]", "[1.162172; 1.175185]", "[00:00:00; 00:00:00]", "[0.000000; 0.000000]", "[4084.800716; 4141.399284]", 10, -472772.000000
Pseudo-Casuale, 8, martedì, "[00:00:05; 00:00:06]", "[1.134258; 1.144664]", "[00:00:00; 00:00:00]", "[0.000000; 0.000000]", "[3934.155351; 3987.744649]", 10, -454514.000000
Pseudo-Casuale, 8, mercoledì, "[00:00:07; 00:00:07]", "[1.171278; 1.182594]", "[00:00:00; 00:00:00]", "[0.000000; 0.000000]", "[4162.401890; 4220.798110]", 10, -482192.000000
Pseudo-Casuale, 8, giovedì, "[00:00:06; 00:00:07]", "[1.163152; 1.175242]", "[00:00:00; 00:00:00]", "[0.000000; 0.000000]", "[4144.265548; 4199.434452]", 10, -479822.000000
Pseudo-Casuale, 8, venerdì, "[00:00:06; 00:00:06]", "[1.152204; 1.164278]", "[00:00:00; 00:00:00]", "[0.000000; 0.000000]", "[4112.035630; 4167.464370]", 10, -475970.000000
Pseudo-Casuale, 8, sabato, "[00:00:05; 00:00:06]", "[1.133061; 1.146389]", "[00:00:00; 00:00:00]", "[0.000000; 0.000000]", "[3869.193558; 3919.606442]", 10, -446528.000000
Pseudo-Casuale, 8, domenica, "[00:00:04; 00:00:05]", "[1.116534; 1.130154]", "[00:00:00; 00:00:00]", "[0.000000; 0.000000]", "[3561.404015; 3620.695985]", 10, -410126.000000
Pseudo-Casuale, 9, lunedì, "[00:00:03; 00:00:04]", "[1.086674; 1.097947]", "[00:00:00; 00:00:00]", "[0.000000; 0.000000]", "[4084.800716; 4141.399284]", 10, -470172.000000
Pseudo-Casuale, 9, martedì, "[00:00:03; 00:00:03]", "[1.073216; 1.080476]", "[00:00:00; 00:00:00]", "[0.000000; 0.000000]", "[3934.155351; 3987.744649]", 10, -451914.000000
Pseudo-Casuale, 9, mercoledì, "[00:00:04; 00:00:04]", "[1.094961; 1.104273]", "[00:00:00; 00:00:00]", "[0.000000; 0.000000]", "[4162.401890; 4220.798110]", 10, -479592.000000
Pseudo-Casuale, 9, giovedì, "[00:00:03; 00:00:04]", "[1.088741; 1.097269]", "[00:00:00; 00:00:00]", "[0.000000; 0.000000]", "[4144.265548; 4199.434452]", 10, -477222.000000
Pseudo-Casuale, 9, venerdì, "[00:00:03; 00:00:03]", "[1.082002; 1.091920]", "[00:00:00; 00:00:00]", "[0.000000; 0.000000]", "[4112.035630; 4167.464370]", 10, -473370.000000
Pseudo-Casuale, 9, sabato, "[00:00:02; 00:00:03]", "[1.069824; 1.081386]", "[00:00:00; 00:00:00]", "[0.000000; 0.000000]", "[3869.193558; 3919.606442]", 10, -443928.000000
Pseudo-Casuale, 9, domenica, "[00:00:02; 00:00:02]", "[1.059295; 1.070240]", "[00:00:00; 00:00:00]", "[0.000000; 0.000000]", "[3561.404015; 3620.695985]", 10, -407526.000000
Pseudo-Casuale, 10, lunedì, "[00:00:01; 00:00:02]", "[1.043420; 1.051250]", "[00:00:00; 00:00:00]", "[0.000000; 0.000000]", "[4084.800716; 4141.399284]", 10, -467572.000000
Pseudo-Casuale, 10, martedì, "[00:00:01; 00:00:01]", "[1.033970; 1.040087]", "[00:00:00; 00:00:00]", "[0.000000; 0.000000]", "[3934.155351; 3987.744649]", 10, -449314.000000
Pseudo-Casuale, 10, mercoledì, "[00:00:02; 00:00:02]", "[1.047618; 1.054867]", "[00:00:00; 00:00:00]", "[0.000000; 0.000000]", "[4162.401890; 4220.798110]", 10, -476992.000000
Pseudo-Casuale, 10, giovedì, "[00:00:01; 00:00:02]", "[1.044496; 1.052342]", "[00:00:00; 00:00:00]", "[0.000000; 0.000000]", "[4144.265548; 4199.434452]", 10, -474622.000000
Pseudo-Casuale, 10, venerdì, "[00:00:01; 00:00:01]", "[1.038262; 1.045439]", "[00:00:00; 00:00:00]", "[0.000000; 0.000000]", "[4112.035630; 4167.464370]", 10, -470770.000000
Pseudo-Casuale, 10, sabato, "[00:00:01; 00:00:01]", "[1.033051; 1.039495]", "[00:00:00; 00:00:00]", "[0.000000; 0.000000]", "[3869.193558; 3919.606442]", 10, -441328.000000
Pseudo-Casuale, 10, domenica, "[00:00:01; 00:00:01]", "[1.029156; 1.035698]", "[00:00:00; 00:00:00]", "[0.000000; 0.000000]", "[3561.404015; 3620.695985]", 10, -404926.000000
Selettiva, 3, lunedì, "[00:06:29; 00:06:41]", "[8.591380; 8.764858]", "[00:01:36; 00:05:54]", "[1231.685547; 1286.914453]", "[4084.800716; 4141.399284]", 10, 886773.000000
Selettiva, 3, martedì, "[00:06:19; 00:06:29]", "[8.421269; 8.577332]", "[00:01:08; 00:04:14]", "[1094.189063; 1145.810937]", "[3934.155351; 3987.744649]", 10, 798628.500000
Selettiva, 3, mercoledì, "[00:06:36; 00:06:49]", "[8.737726; 8.889498]", "[00:01:49; 00:06:42]", "[1308.998055; 1361.801945]", "[4162.401890; 4220.798110]", 10, 934788.000000
Selettiva, 3, giovedì, "[00:06:34; 00:06:47]", "[8.742318; 8.903991]", "[00:02:00; 00:07:25]", "[1269.883977; 1321.816023]", "[4144.265548; 4199.434452]", 10, 910465.500000
Selettiva, 3, venerdì, "[00:06:33; 00:06:46]", "[8.731727; 8.887037]", "[00:01:50; 00:06:49]", "[1230.924701; 1281.875299]", "[4112.035630; 4167.464370]", 10, 885832.500000
Selettiva, 3, sabato, "[00:06:12; 00:06:21]", "[8.265577; 8.396829]", "[00:00:51; 00:03:10]", "[1054.752815; 1107.247185]", "[3869.193558; 3919.606442]", 10, 773232.000000
Selettiva, 3, domenica, "[00:05:38; 00:05:49]", "[7.578161; 7.771552]", "[00:01:28; 00:05:25]", "[871.478288; 927.021712]", "[3561.404015; 3620.695985]", 10, 547350.000000
Selettiva, 4, lunedì, "[00:03:54; 00:04:03]", "[4.231670; 4.321672]", "[00:00:53; 00:03:18]", "[713.385156; 742.114844]", "[4084.800716; 4141.399284]", 10, 323657.000000
Selettiva, 4, martedì, "[00:03:49; 00:03:57]", "[4.158936; 4.234478]", "[00:00:45; 00:02:49]", "[648.675184; 674.424816]", "[3934.155351; 3987.744649]", 10, 288501.500000
Selettiva, 4, mercoledì, "[00:03:54; 00:04:05]", "[4.233719; 4.327761]", "[00:01:09; 00:04:15]", "[749.520208; 777.479792]", "[4162.401890; 4220.798110]", 10, 342752.000000
Selettiva, 4, giovedì, "[00:03:53; 00:04:04]", "[4.214199; 4.317168]", "[00:01:27; 00:05:23]", "[732.202222; 760.797778]", "[4144.265548; 4199.434452]", 10, 333144.500000
Selettiva, 4, venerdì, "[00:03:52; 00:04:03]", "[4.187245; 4.277617]", "[00:01:10; 00:04:21]", "[715.634293; 743.065707]", "[4112.035630; 4167.464370]", 10, 323817.500000
Selettiva, 4, sabato, "[00:03:47; 00:03:54]", "[4.130175; 4.206629]", "[00:00:37; 00:02:18]", "[624.922680; 648.677320]", "[3869.193558; 3919.606442]", 10, 275648.000000
Selettiva, 4, domenica, "[00:03:32; 00:03:41]", "[3.959160; 4.054515]", "[00:00:50; 00:03:05]", "[526.223137; 549.476863]", "[3561.404015; 3620.695985]", 10, 225378.500000
Selettiva, 5, lunedì, "[00:01:41; 00:01:53]", "[2.717755; 2.918428]", "[00:01:40; 00:06:12]", "[37.355849; 53.144151]", "[4084.800716; 4141.399284]", 10, -330029.000000
Selettiva, 5, martedì, "[00:01:22; 00:01:35]", "[2.388986; 2.609599]", "[00:02:04; 00:07:39]", "[12.336829; 24.363171]", "[3934.155351; 3987.744649]", 10, -332475.500000
Selettiva, 5, mercoledì, "[00:01:50; 00:02:03]", "[2.864845; 3.073321]", "[00:01:53; 00:06:59]", "[47.163577; 63.036423]", "[4162.401890; 4220.798110]", 10, -331184.000000
Selettiva, 5, giovedì, "[00:01:41; 00:01:53]", "[2.713177; 2.913634]", "[00:01:42; 00:06:18]", "[36.348181; 50.251819]", "[4144.265548; 4199.434452]", 10, -336486.500000
Selettiva, 5, venerdì, "[00:01:34; 00:01:46]", "[2.591018; 2.780083]", "[00:01:36; 00:05:55]", "[24.545046; 37.954954]", "[4112.035630; 4167.464370]", 10, -340827.500000
Selettiva, 5, sabato, "[00:01:16; 00:01:30]", "[2.293441; 2.519798]", "[00:02:08; 00:07:55]", "[12.742969; 23.657031]", "[3869.193558; 3919.606442]", 10, -326576.000000
Selettiva, 5, domenica, "[00:01:09; 00:01:22]", "[2.183615; 2.388942]", "[00:01:57; 00:07:11]", "[6.523956; 16.376044]", "[3561.404015; 3620.695985]", 10, -303324.500000
Selettiva, 6, lunedì, "[00:01:41; 00:01:53]", "[2.717755; 2.918428]", "[00:01:40; 00:06:12]", "[37.355849; 53.144151]", "[4084.800716; 4141.399284]", 10, -327429.000000
Selettiva, 6, martedì, "[00:01:22; 00:01:35]", "[2.388986; 2.609599]", "[00:02:04; 00:07:39]", "[12.336829; 24.363171]", "[3934.155351; 3987.744649]", 10, -329875.500000
Selettiva, 6, mercoledì, "[00:01:50; 00:02:03]", "[2.864845; 3.073321]", "[00:01:53; 00:06:59]", "[47.163577; 63.036423]", "[4162.401890; 4220.798110]", 10, -328584.000000
Selettiva, 6, giovedì, "[00:01:41; 00:01:53]", "[2.713177; 2.913634]", "[00:01:42; 00:06:18]", "[36.348181; 50.251819]", "[4144.265548; 4199.434452]", 10, -333886.500000
Selettiva, 6, venerdì, "[00:01:34; 00:01:46]", "[2.591018; 2.780083]", "[00:01:36; 00:05:55]", "[24.545046; 37.954954]", "[4112.035630; 4167.464370]", 10, -338227.500000
Selettiva, 6, sabato, "[00:01:16; 00:01:30]", "[2.293441; 2.519798]", "[00:02:08; 00:07:55]", "[12.742969; 23.657031]", "[3869.193558; 3919.606442]", 10, -323976.000000
Selettiva, 6, domenica, "[00:01:09; 00:01:22]", "[2.183615; 2.388942]", "[00:01:57; 00:07:11]", "[6.523956; 16.376044]", "[3561.404015; 3620.695985]", 10, -300724.500000
Selettiva, 7, lunedì, "[00:01:32; 00:01:44]", "[2.446605; 2.628794]", "[00:01:34; 00:05:49]", "[37.355849; 53.144151]", "[4084.800716; 4141.399284]", 10, -324829.000000
Selettiva, 7, martedì, "[00:01:15; 00:01:28]", "[2.177074; 2.384798]", "[00:01:59; 00:07:19]", "[12.336829; 24.363171]", "[3934.155351; 3987.744649]", 10, -327275.500000
Selettiva, 7, mercoledì, "[00:01:41; 00:01:54]", "[2.588833; 2.786048]", "[00:01:49; 00:06:44]", "[47.163577; 63.036423]", "[4162.401890; 4220.798110]", 10, -325984.000000
Selettiva, 7, giovedì, "[00:01:33; 00:01:45]", "[2.452879; 2.639673]", "[00:01:37; 00:06:00]", "[36.348181; 50.251819]", "[4144.265548; 4199.434452]", 10, -331286.500000
Selettiva, 7, venerdì, "[00:01:26; 00:01:38]", "[2.352669; 2.538487]", "[00:01:36; 00:05:54]", "[24.545046; 37.954954]", "[4112.035630; 4167.464370]", 10, -335627.500000
Selettiva, 7, sabato, "[00:01:09; 00:01:23]", "[2.087499; 2.296504]", "[00:02:00; 00:07:24]", "[12.742969; 23.657031]", "[3869.193558; 3919.606442]", 10, -321376.000000
Selettiva, 7, domenica, "[00:01:03; 00:01:16]", "[1.985516; 2.191110]", "[00:01:58; 00:07:18]", "[6.523956; 16.376044]", "[3561.404015; 3620.695985]", 10, -298124.500000
Selettiva, 8, lunedì, "[00:00:10; 00:00:11]", "[1.187424; 1.199927]", "[00:00:00; 00:00:01]", "[0.000000; 0.000000]", "[4084.800716; 4141.399284]", 10, -472772.000000
Selettiva, 8, martedì, "[00:00:08; 00:00:09]", "[1.162376; 1.174793]", "[00:00:00; 00:00:01]", "[0.000000; 0.000000]", "[3934.155351; 3987.744649]", 10, -454514.000000
Selettiva, 8, mercoledì, "[00:00:10; 00:00:11]", "[1.195708; 1.208674]", "[00:00:00; 00:00:01]", "[0.000000; 0.000000]", "[4162.401890; 4220.798110]", 10, -482192.000000
Selettiva, 8, giovedì, "[00:00:10; 00:00:11]", "[1.188553; 1.200906]", "[00:00:00; 00:00:01]", "[0.000000; 0.000000]", "[4144.265548; 4199.434452]", 10, -479822.000000
Selettiva, 8, venerdì, "[00:00:09; 00:00:10]", "[1.179084; 1.191459]", "[00:00:00; 00:00:01]", "[0.000000; 0.000000]", "[4112.035630; 4167.464370]", 10, -475970.000000
Selettiva, 8, sabato, "[00:00:08; 00:00:09]", "[1.159636; 1.172188]", "[00:00:00; 00:00:01]", "[0.000000; 0.000000]", "[3869.193558; 3919.606442]", 10, -446528.000000
Selettiva, 8, domenica, "[00:00:07; 00:00:08]", "[1.143677; 1.156372]", "[00:00:00; 00:00:01]", "[0.000000; 0.000000]", "[3561.404015; 3620.695985]", 10, -410126.000000
Selettiva, 9, lunedì, "[00:00:10; 00:00:11]", "[1.187424; 1.199927]", "[00:00:00; 00:00:01]", "[0.000000; 0.000000]", "[4084.800716; 4141.399284]", 10, -470172.000000
Selettiva, 9, martedì, "[00:00:08; 00:00:09]", "[1.162376; 1.174793]", "[00:00:00; 00:00:01]", "[0.000000; 0.000000]", "[3934.155351; 3987.744649]", 10, -451914.000000
Selettiva, 9, mercoledì, "[00:00:10; 00:00:11]", "[1.195708; 1.208674]", "[00:00:00; 00:00:01]", "[0.000000; 0.000000]", "[4162.401890; 4220.798110]", 10, -479592.000000
Selettiva, 9, giovedì, "[00:00:10; 00:00:11]", "[1.188553; 1.200906]", "[00:00:00; 00:00:01]", "[0.000000; 0.000000]", "[4144.265548; 4199.434452]", 10, -477222.000000
Selettiva, 9, venerdì, "[00:00:09; 00:00:10]", "[1.179084; 1.191459]", "[00:00:00; 00:00:01]", "[0.000000; 0.000000]", "[4112.035630; 4167.464370]", 10, -473370.000000
Selettiva, 9, sabato, "[00:00:08; 00:00:09]", "[1.159636; 1.172188]", "[00:00:00; 00:00:01]", "[0.000000; 0.000000]", "[3869.193558; 3919.606442]", 10, -443928.000000
Selettiva, 9, domenica, "[00:00:07; 00:00:08]", "[1.143677; 1.156372]", "[00:00:00; 00:00:01]", "[0.000000; 0.000000]", "[3561.404015; 3620.695985]", 10, -407526.000000
Selettiva, 10, lunedì, "[00:00:08; 00:00:09]", "[1.143156; 1.153942]", "[00:00:00; 00:00:01]", "[0.000000; 0.000000]", "[4084.800716; 4141.399284]", 10, -467572.000000
Selettiva, 10, martedì, "[00:00:07; 00:00:08]", "[1.122098; 1.132360]", "[00:00:00; 00:00:01]", "[0.000000; 0.000000]", "[3934.155351; 3987.744649]", 10, -449314.000000
Selettiva, 10, mercoledì, "[00:00:09; 00:00:10]", "[1.149700; 1.160521]", "[00:00:00; 00:00:01]", "[0.000000; 0.000000]", "[4162.401890; 4220.798110]", 10, -476992.000000
Selettiva, 10, giovedì, "[00:00:08; 00:00:09]", "[1.144447; 1.154738]", "[00:00:00; 00:00:01]", "[0.000000; 0.000000]", "[4144.265548; 4199.434452]", 10, -474622.000000
Selettiva, 10, venerdì, "[00:00:08; 00:00:09]", "[1.136439; 1.146783]", "[00:00:00; 00:00:01]", "[0.000000; 0.000000]", "[4112.035630; 4167.464370]", 10, -470770.000000
Selettiva, 10, sabato, "[00:00:07; 00:00:08]", "[1.120325; 1.131278]", "[00:00:00; 00:00:01]", "[0.000000; 0.000000]", "[3869.193558; 3919.606442]", 10, -441328.000000
Selettiva, 10, domenica, "[00:00:06; 00:00:07]", "[1.108065; 1.119197]", "[00:00:00; 00:00:01]", "[0.000000; 0.000000]", "[3561.404015; 3620.695985]", 10, -404926.000000
Selettiva con fila condivisa, 3, lunedì, "[00:07:11; 00:07:24]", "[9.422893; 9.612686]", "[00:01:53; 00:06:56]", "[1226.416321; 1280.883679]", "[4084.800716; 4141.399284]", 10, 1006776.000000
Selettiva con fila condivisa, 3, martedì, "[00:07:00; 00:07:11]", "[9.236743; 9.413287]", "[00:01:24; 00:05:13]", "[1088.429907; 1139.470093]", "[3934.155351; 3987.744649]", 10, 913827.000000
Selettiva con fila condivisa, 3, mercoledì, "[00:07:18; 00:07:33]", "[9.575034; 9.744768]", "[00:02:31; 00:09:18]", "[1304.077227; 1358.222773]", "[4162.401890; 4220.798110]", 10, 1057986.000000
Selettiva con fila condivisa, 3, giovedì, "[00:07:16; 00:07:32]", "[9.585623; 9.768501]", "[00:02:44; 00:10:07]", "[1265.693780; 1317.406220]", "[4144.265548; 4199.434452]", 10, 1033041.000000
Selettiva con fila condivisa, 3, venerdì, "[00:07:15; 00:07:30]", "[9.576338; 9.757985]", "[00:02:39; 00:09:47]", "[1227.249572; 1278.850428]", "[4112.035630; 4167.464370]", 10, 1008015.000000
Selettiva con fila condivisa, 3, sabato, "[00:06:52; 00:07:02]", "[9.048551; 9.204712]", "[00:01:13; 00:04:29]", "[1048.365268; 1101.534732]", "[3869.193558; 3919.606442]", 10, 769602.000000
Selettiva con fila condivisa, 3, domenica, "[00:06:12; 00:06:26]", "[8.261165; 8.490180]", "[00:02:01; 00:07:27]", "[867.176286; 922.223714]", "[3561.404015; 3620.695985]", 10, 652351.500000
Selettiva con fila condivisa, 4, lunedì, "[00:04:16; 00:04:26]", "[4.495418; 4.586803]", "[00:01:09; 00:04:16]", "[712.123193; 740.476807]", "[4084.800716; 4141.399284]", 10, 446180.000000
Selettiva con fila condivisa, 4, martedì, "[00:04:11; 00:04:21]", "[4.429483; 4.515212]", "[00:01:00; 00:03:42]", "[646.212011; 671.687989]", "[3934.155351; 3987.744649]", 10, 405770.000000
Selettiva con fila condivisa, 4, mercoledì, "[00:04:17; 00:04:29]", "[4.499436; 4.609866]", "[00:01:43; 00:06:21]", "[746.691408; 777.008592]", "[4162.401890; 4220.798110]", 10, 467510.000000
Selettiva con fila condivisa, 4, giovedì, "[00:04:15; 00:04:28]", "[4.474660; 4.593121]", "[00:02:01; 00:07:27]", "[731.272874; 760.727126]", "[4144.265548; 4199.434452]", 10, 458000.000000
Selettiva con fila condivisa, 4, venerdì, "[00:04:15; 00:04:27]", "[4.458182; 4.565655]", "[00:01:42; 00:06:17]", "[713.712956; 741.487044]", "[4112.035630; 4167.464370]", 10, 446960.000000
Selettiva con fila condivisa, 4, sabato, "[00:04:09; 00:04:18]", "[4.406320; 4.489861]", "[00:00:52; 00:03:14]", "[622.468552; 645.731448]", "[3869.193558; 3919.606442]", 10, 390860.000000
Selettiva con fila condivisa, 4, domenica, "[00:03:52; 00:04:02]", "[4.215345; 4.318667]", "[00:01:11; 00:04:23]", "[523.362172; 547.237828]", "[3561.404015; 3620.695985]", 10, 223848.500000
Selettiva con fila condivisa, 5, lunedì, "[00:02:18; 00:02:29]", "[2.705614; 2.829873]", "[00:01:23; 00:05:07]", "[96.405245; 120.294755]", "[4084.800716; 4141.399284]", 10, -168776.000000
Selettiva con fila condivisa, 5, martedì, "[00:02:05; 00:02:16]", "[2.511258; 2.634168]", "[00:01:19; 00:04:52]", "[59.511651; 76.988349]", "[3934.155351; 3987.744649]", 10, -183707.000000
Selettiva con fila condivisa, 5, mercoledì, "[00:02:24; 00:02:37]", "[2.792945; 2.927686]", "[00:01:41; 00:06:15]", "[113.143984; 134.356016]", "[4162.401890; 4220.798110]", 10, -164246.000000
Selettiva con fila condivisa, 5, giovedì, "[00:02:19; 00:02:32]", "[2.715691; 2.854101]", "[00:01:58; 00:07:15]", "[96.082915; 117.117085]", "[4144.265548; 4199.434452]", 10, -173351.000000
Selettiva con fila condivisa, 5, venerdì, "[00:02:16; 00:02:28]", "[2.658983; 2.777821]", "[00:01:31; 00:05:38]", "[81.900005; 100.799995]", "[4112.035630; 4167.464370]", 10, -180575.000000
Selettiva con fila condivisa, 5, sabato, "[00:02:01; 00:02:12]", "[2.457443; 2.585662]", "[00:01:20; 00:04:57]", "[55.962974; 73.537026]", "[3869.193558; 3919.606442]", 10, -181814.000000
Selettiva con fila condivisa, 5, domenica, "[00:01:47; 00:02:00]", "[2.300754; 2.443604]", "[00:01:48; 00:06:39]", "[45.008385; 60.891615]", "[3561.404015; 3620.695985]", 10, -278424.500000
Selettiva con fila condivisa, 6, lunedì, "[00:01:01; 00:01:07]", "[2.089989; 2.187559]", "[00:00:22; 00:01:21]", "[56.524008; 73.275992]", "[4084.800716; 4141.399284]", 10, -315639.000000
Selettiva con fila condivisa, 6, martedì, "[00:00:53; 00:00:59]", "[1.936980; 2.033446]", "[00:00:22; 00:01:23]", "[30.445076; 43.254924]", "[3934.155351; 3987.744649]", 10, -437604.000000
Selettiva con fila condivisa, 6, mercoledì, "[00:01:05; 00:01:11]", "[2.159283; 2.261220]", "[00:00:22; 00:01:24]", "[67.370772; 83.029228]", "[4162.401890; 4220.798110]", 10, -316524.000000
Selettiva con fila condivisa, 6, giovedì, "[00:01:02; 00:01:08]", "[2.102969; 2.193904]", "[00:00:19; 00:01:12]", "[55.916247; 71.083753]", "[4144.265548; 4199.434452]", 10, -321766.500000
Selettiva con fila condivisa, 6, venerdì, "[00:00:59; 00:01:04]", "[2.044641; 2.126401]", "[00:00:15; 00:00:57]", "[45.262771; 59.537229]", "[4112.035630; 4167.464370]", 10, -325537.500000
Selettiva con fila condivisa, 6, sabato, "[00:00:50; 00:00:56]", "[1.895184; 1.993928]", "[00:00:22; 00:01:24]", "[29.300793; 42.099207]", "[3869.193558; 3919.606442]", 10, -430308.000000
Selettiva con fila condivisa, 6, domenica, "[00:00:46; 00:00:52]", "[1.819853; 1.912487]", "[00:00:20; 00:01:14]", "[22.914551; 35.785449]", "[3561.404015; 3620.695985]", 10, -397716.000000
Selettiva con fila condivisa, 7, lunedì, "[00:00:53; 00:00:58]", "[1.826948; 1.910436]", "[00:00:20; 00:01:16]", "[55.477199; 71.222801]", "[4084.800716; 4141.399284]", 10, -437362.000000
Selettiva con fila condivisa, 7, martedì, "[00:00:46; 00:00:52]", "[1.723076; 1.807882]", "[00:00:21; 00:01:18]", "[30.193496; 42.906504]", "[3934.155351; 3987.744649]", 10, -435184.000000
Selettiva con fila condivisa, 7, mercoledì, "[00:00:57; 00:01:02]", "[1.887536; 1.971938]", "[00:00:20; 00:01:15]", "[66.541974; 81.858026]", "[4162.401890; 4220.798110]", 10, -440272.000000
Selettiva con fila condivisa, 7, giovedì, "[00:00:54; 00:00:59]", "[1.845364; 1.926417]", "[00:00:18; 00:01:09]", "[55.471659; 69.528341]", "[4144.265548; 4199.434452]", 10, -444922.000000
Selettiva con fila condivisa, 7, venerdì, "[00:00:52; 00:00:56]", "[1.807503; 1.878298]", "[00:00:14; 00:00:53]", "[45.087422; 59.112578]", "[4112.035630; 4167.464370]", 10, -447310.000000
Selettiva con fila condivisa, 7, sabato, "[00:00:44; 00:00:49]", "[1.686519; 1.771040]", "[00:00:20; 00:01:15]", "[29.016485; 41.783515]", "[3869.193558; 3919.606442]", 10, -427888.000000
Selettiva con fila condivisa, 7, domenica, "[00:00:40; 00:00:46]", "[1.630736; 1.709844]", "[00:00:18; 00:01:07]", "[22.609924; 35.590076]", "[3561.404015; 3620.695985]", 10, -395266.000000
Selettiva con fila condivisa, 8, lunedì, "[00:00:09; 00:00:10]", "[1.147883; 1.163514]", "[00:00:00; 00:00:03]", "[-0.118041; 0.618041]", "[4084.800716; 4141.399284]", 10, -472622.000000
Selettiva con fila condivisa, 8, martedì, "[00:00:08; 00:00:09]", "[1.125354; 1.139501]", "[00:00:00; 00:00:02]", "[-0.054650; 0.154650]", "[3934.155351; 3987.744649]", 10, -454484.000000
Selettiva con fila condivisa, 8, mercoledì, "[00:00:10; 00:00:11]", "[1.155551; 1.170582]", "[00:00:00; 00:00:03]", "[-0.163950; 0.463950]", "[4162.401890; 4220.798110]", 10, -482102.000000
Selettiva con fila condivisa, 8, giovedì, "[00:00:09; 00:00:10]", "[1.148801; 1.163790]", "[00:00:00; 00:00:02]", "[-0.044050; 0.244050]", "[4144.265548; 4199.434452]", 10, -479762.000000
Selettiva con fila condivisa, 8, venerdì, "[00:00:09; 00:00:10]", "[1.139058; 1.153836]", "[00:00:00; 00:00:03]", "[-0.044050; 0.244050]", "[4112.035630; 4167.464370]", 10, -475910.000000
Selettiva con fila condivisa, 8, sabato, "[00:00:08; 00:00:09]", "[1.123048; 1.137695]", "[00:00:00; 00:00:03]", "[-0.054650; 0.154650]", "[3869.193558; 3919.606442]", 10, -446498.000000
Selettiva con fila condivisa, 8, domenica, "[00:00:07; 00:00:08]", "[1.110875; 1.124697]", "[00:00:00; 00:00:02]", "[0.000000; 0.000000]", "[3561.404015; 3620.695985]", 10, -410126.000000
Selettiva con fila condivisa, 9, lunedì, "[00:00:07; 00:00:07]", "[1.127442; 1.141017]", "[00:00:00; 00:00:01]", "[-0.118041; 0.618041]", "[4084.800716; 4141.399284]", 10, -470022.000000
Selettiva con fila condivisa, 9, martedì, "[00:00:05; 00:00:06]", "[1.106941; 1.119463]", "[00:00:00; 00:00:01]", "[-0.054650; 0.154650]", "[3934.155351; 3987.744649]", 10, -451884.000000
Selettiva con fila condivisa, 9, mercoledì, "[00:00:07; 00:00:08]", "[1.134316; 1.147420]", "[00:00:00; 00:00:01]", "[-0.163950; 0.463950]", "[4162.401890; 4220.798110]", 10, -479502.000000
Selettiva con fila condivisa, 9, giovedì, "[00:00:07; 00:00:07]", "[1.128415; 1.141957]", "[00:00:00; 00:00:01]", "[-0.044050; 0.244050]", "[4144.265548; 4199.434452]", 10, -477162.000000
Selettiva con fila condivisa, 9, venerdì, "[00:00:06; 00:00:07]", "[1.119592; 1.132467]", "[00:00:00; 00:00:01]", "[-0.044050; 0.244050]", "[4112.035630; 4167.464370]", 10, -473310.000000
Selettiva con fila condivisa, 9, sabato, "[00:00:05; 00:00:06]", "[1.105211; 1.118085]", "[00:00:00; 00:00:01]", "[-0.054650; 0.154650]", "[3869.193558; 3919.606442]", 10, -443898.000000
Selettiva con fila condivisa, 9, domenica, "[00:00:05; 00:00:05]", "[1.094330; 1.106793]", "[00:00:00; 00:00:01]", "[0.000000; 0.000000]", "[3561.404015; 3620.695985]", 10, -407526.000000
Selettiva con fila condivisa, 10, lunedì, "[00:00:05; 00:00:06]", "[1.093236; 1.105077]", "[00:00:00; 00:00:01]", "[-0.118041; 0.618041]", "[4084.800716; 4141.399284]", 10, -467422.000000
Selettiva con fila condivisa, 10, martedì, "[00:00:04; 00:00:05]", "[1.077423; 1.087816]", "[00:00:00; 00:00:01]", "[-0.054650; 0.154650]", "[3934.155351; 3987.744649]", 10, -449284.000000
Selettiva con fila condivisa, 10, mercoledì, "[00:00:06; 00:00:07]", "[1.099229; 1.110299]", "[00:00:00; 00:00:01]", "[-0.163950; 0.463950]", "[4162.401890; 4220.798110]", 10, -476902.000000
Selettiva con fila condivisa, 10, giovedì, "[00:00:06; 00:00:06]", "[1.094605; 1.105747]", "[00:00:00; 00:00:01]", "[-0.044050; 0.244050]", "[4144.265548; 4199.434452]", 10, -474562.000000
Selettiva con fila condivisa, 10, venerdì, "[00:00:05; 00:00:06]", "[1.087455; 1.098094]", "[00:00:00; 00:00:01]", "[-0.044050; 0.244050]", "[4112.035630; 4167.464370]", 10, -470710.000000
Selettiva con fila condivisa, 10, sabato, "[00:00:04; 00:00:05]", "[1.076134; 1.087134]", "[00:00:00; 00:00:01]", "[-0.054650; 0.154650]", "[3869.193558; 3919.606442]", 10, -441298.000000
Selettiva con fila condivisa, 10, domenica, "[00:00:04; 00:00:05]", "[1.067880; 1.078867]", "[00:00:00; 00:00:01]", "[0.000000; 0.000000]", "[3561.404015; 3620.695985]", 10, -404926.000000
3 selettive più casse a file condivisa, 1, lunedì, "[00:03:54; 00:04:03]", "[4.231670; 4.321672]", "[00:00:53; 00:03:18]", "[713.385156; 742.114844]", "[4084.800716; 4141.399284]", 10, 315857.000000
3 selettive più casse a file condivisa, 1, martedì, "[00:03:49; 00:03:57]", "[4.158936; 4.234478]", "[00:00:45; 00:02:49]", "[648.675184; 674.424816]", "[3934.155351; 3987.744649]", 10, 280701.500000
3 selettive più casse a file condivisa, 1, mercoledì, "[00:03:54; 00:04:05]", "[4.233719; 4.327761]", "[00:01:09; 00:04:15]", "[749.520208; 777.479792]", "[4162.401890; 4220.798110]", 10, 334952.000000
3 selettive più casse a file condivisa, 1, giovedì, "[00:03:53; 00:04:04]", "[4.214199; 4.317168]", "[00:01:27; 00:05:23]", "[732.202222; 760.797778]", "[4144.265548; 4199.434452]", 10, 325344.500000
3 selettive più casse a file condivisa, 1, venerdì, "[00:03:52; 00:04:03]", "[4.187245; 4.277617]", "[00:01:10; 00:04:21]", "[715.634293; 743.065707]", "[4112.035630; 4167.464370]", 10, 316017.500000
3 selettive più casse a file condivisa, 1, sabato, "[00:03:47; 00:03:54]", "[4.130175; 4.206629]", "[00:00:37; 00:02:18]", "[624.922680; 648.677320]", "[3869.193558; 3919.606442]", 10, 267848.000000
3 selettive più casse a file condivisa, 1, domenica, "[00:03:32; 00:03:41]", "[3.959160; 4.054515]", "[00:00:50; 00:03:05]", "[526.223137; 549.476863]", "[3561.404015; 3620.695985]", 10, 217578.500000
3 selettive più casse a file condivisa, 2, lunedì, "[00:01:41; 00:01:53]", "[2.717755; 2.918428]", "[00:01:40; 00:06:12]", "[37.355849; 53.144151]", "[4084.800716; 4141.399284]", 10, -337829.000000
3 selettive più casse a file condivisa, 2, martedì, "[00:01:22; 00:01:35]", "[2.388986; 2.609599]", "[00:02:04; 00:07:39]", "[12.336829; 24.363171]", "[3934.155351; 3987.744649]", 10, -340275.500000
3 selettive più casse a file condivisa, 2, mercoledì, "[00:01:50; 00:02:03]", "[2.864845; 3.073321]", "[00:01:53; 00:06:59]", "[47.163577; 63.036423]", "[4162.401890; 4220.798110]", 10, -338984.000000
3 selettive più casse a file condivisa, 2, giovedì, "[00:01:41; 00:01:53]", "[2.713177; 2.913634]", "[00:01:42; 00:06:18]", "[36.348181; 50.251819]", "[4144.265548; 4199.434452]", 10, -344286.500000
3 selettive più casse a file condivisa, 2, venerdì, "[00:01:34; 00:01:46]", "[2.591018; 2.780083]", "[00:01:36; 00:05:55]", "[24.545046; 37.954954]", "[4112.035630; 4167.464370]", 10, -348627.500000
3 selettive più casse a file condivisa, 2, sabato, "[00:01:16; 00:01:30]", "[2.293441; 2.519798]", "[00:02:08; 00:07:55]", "[12.742969; 23.657031]", "[3869.193558; 3919.606442]", 10, -334376.000000
3 selettive più casse a file condivisa, 2, domenica, "[00:01:09; 00:01:22]", "[2.183615; 2.388942]", "[00:01:57; 00:07:11]", "[6.523956; 16.376044]", "[3561.404015; 3620.695985]", 10, -311124.500000
3 selettive più casse a file condivisa, 3, lunedì, "[00:01:41; 00:01:53]", "[2.717755; 2.918428]", "[00:01:40; 00:06:12]", "[37.355849; 53.144151]", "[4084.800716; 4141.399284]", 10, -335229.000000
3 selettive più casse a file condivisa, 3, martedì, "[00:01:22; 00:01:35]", "[2.388986; 2.609599]", "[00:02:04; 00:07:39]", "[12.336829; 24.363171]", "[3934.155351; 3987.744649]", 10, -337675.500000
3 selettive più casse a file condivisa, 3, mercoledì, "[00:01:50; 00:02:03]", "[2.864845; 3.073321]", "[00:01:53; 00:06:59]", "[47.163577; 63.036423]", "[4162.401890; 4220.798110]", 10, -336384.000000
3 selettive più casse a file condivisa, 3, giovedì, "[00:01:41; 00:01:53]", "[2.713177; 2.913634]", "[00:01:42; 00:06:18]", "[36.348181; 50.251819]", "[4144.265548; 4199.434452]", 10, -341686.500000
3 selettive più casse a file condivisa, 3, venerdì, "[00:01:34; 00:01:46]", "[2.591018; 2.780083]", "[00:01:36; 00:05:55]", "[24.545046; 37.954954]", "[4112.035630; 4167.464370]", 10, -346027.500000
3 selettive più casse a file condivisa, 3, sabato, "[00:01:16; 00:01:30]", "[2.293441; 2.519798]", "[00:02:08; 00:07:55]", "[12.742969; 23.657031]", "[3869.193558; 3919.606442]", 10, -331776.000000
3 selettive più casse a file condivisa, 3, domenica, "[00:01:09; 00:01:22]", "[2.183615; 2.388942]", "[00:01:57; 00:07:11]", "[6.523956; 16.376044]", "[3561.404015; 3620.695985]", 10, -308524.500000
3 selettive più casse a file condivisa, 4, lunedì, "[00:01:32; 00:01:44]", "[2.446605; 2.628794]", "[00:01:34; 00:05:49]", "[37.355849; 53.144151]", "[4084.800716; 4141.399284]", 10, -332629.000000
3 selettive più casse a file condivisa, 4, martedì, "[00:01:15; 00:01:28]", "[2.177074; 2.384798]", "[00:01:59; 00:07:19]", "[12.336829; 24.363171]", "[3934.155351; 3987.744649]", 10, -335075.500000
3 selettive più casse a file condivisa, 4, mercoledì, "[00:01:41; 00:01:54]", "[2.588833; 2.786048]", "[00:01:49; 00:06:44]", "[47.163577; 63.036423]", "[4162.401890; 4220.798110]", 10, -333784.000000
3 selettive più casse a file condivisa, 4, giovedì, "[00:01:33; 00:01:45]", "[2.452879; 2.639673]", "[00:01:37; 00:06:00]", "[36.348181; 50.251819]", "[4144.265548; 4199.434452]", 10, -339086.500000
3 selettive più casse a file condivisa, 4, venerdì, "[00:01:26; 00:01:38]", "[2.352669; 2.538487]", "[00:01:36; 00:05:54]", "[24.545046; 37.954954]", "[4112.035630; 4167.464370]", 10, -343427.500000
3 selettive più casse a file condivisa, 4, sabato, "[00:01:09; 00:01:23]", "[2.087499; 2.296504]", "[00:02:00; 00:07:24]", "[12.742969; 23.657031]", "[3869.193558; 3919.606442]", 10, -329176.000000
3 selettive più casse a file condivisa, 4, domenica, "[00:01:03; 00:01:16]", "[1.985516; 2.191110]", "[00:01:58; 00:07:18]", "[6.523956; 16.376044]", "[3561.404015; 3620.695985]", 10, -305924.500000
3 selettive più casse a file condivisa, 5, lunedì, "[00:00:10; 00:00:11]", "[1.187424; 1.199927]", "[00:00:00; 00:00:01]", "[0.000000; 0.000000]", "[4084.800716; 4141.399284]", 10, -480572.000000
3 selettive più casse a file condivisa, 5, martedì, "[00:00:08; 00:00:09]", "[1.162376; 1.174793]", "[00:00:00; 00:00:01]", "[0.000000; 0.000000]", "[3934.155351; 3987.744649]", 10, -462314.000000
3 selettive più casse a file condivisa, 5, mercoledì, "[00:00:10; 00:00:11]", "[1.195708; 1.208674]", "[00:00:00; 00:00:01]", "[0.000000; 0.000000]", "[4162.401890; 4220.798110]", 10, -489992.000000
3 selettive più casse a file condivisa, 5, giovedì, "[00:00:10; 00:00:11]", "[1.188553; 1.200906]", "[00:00:00; 00:00:01]", "[0.000000; 0.000000]", "[4144.265548; 4199.434452]", 10, -487622.000000
3 selettive più casse a file condivisa, 5, venerdì, "[00:00:09; 00:00:10]", "[1.179084; 1.191459]", "[00:00:00; 00:00:01]", "[0.000000; 0.000000]", "[4112.035630; 4167.464370]", 10, -483770.000000
3 selettive più casse a file condivisa, 5, sabato, "[00:00:08; 00:00:09]", "[1.159636; 1.172188]", "[00:00:00; 00:00:01]", "[0.000000; 0.000000]", "[3869.193558; 3919.606442]", 10, -454328.000000
3 selettive più casse a file condivisa, 5, domenica, "[00:00:07; 00:00:08]", "[1.143677; 1.156372]", "[00:00:00; 00:00:01]", "[0.000000; 0.000000]", "[3561.404015; 3620.695985]", 10, -417926.000000
3 selettive più casse a file condivisa, 6, lunedì, "[00:00:10; 00:00:11]", "[1.187424; 1.199927]", "[00:00:00; 00:00:01]", "[0.000000; 0.000000]", "[4084.800716; 4141.399284]", 10, -477972.000000
3 selettive più casse a file condivisa, 6, martedì, "[00:00:08; 00:00:09]", "[1.162376; 1.174793]", "[00:00:00; 00:00:01]", "[0.000000; 0.000000]", "[3934.155351; 3987.744649]", 10, -459714.000000
3 selettive più casse a file condivisa, 6, mercoledì, "[00:00:10; 00:00:11]", "[1.195708; 1.208674]", "[00:00:00; 00:00:01]", "[0.000000; 0.000000]", "[4162.401890; 4220.798110]", 10, -487392.000000
3 selettive più casse a file condivisa, 6, giovedì, "[00:00:10; 00:00:11]", "[1.188553; 1.200906]", "[00:00:00; 00:00:01]", "[0.000000; 0.000000]", "[4144.265548; 4199.434452]", 10, -485022.000000
3 selettive più casse a file condivisa, 6, venerdì, "[00:00:09; 00:00:10]", "[1.179084; 1.191459]", "[00:00:00; 00:00:01]", "[0.000000; 0.000000]", "[4112.035630; 4167.464370]", 10, -481170.000000
3 selettive più casse a file condivisa, 6, sabato, "[00:00:08; 00:00:09]", "[1.159636; 1.172188]", "[00:00:00; 00:00:01]", "[0.000000; 0.000000]", "[3869.193558; 3919.606442]", 10, -451728.000000
3 selettive più casse a file condivisa, 6, domenica, "[00:00:07; 00:00:08]", "[1.143677; 1.156372]", "[00:00:00; 00:00:01]", "[0.000000; 0.000000]", "[3561.404015; 3620.695985]", 10, -415326.000000
3 selettive più casse a file condivisa, 7, lunedì, "[00:00:08; 00:00:09]", "[1.143156; 1.153942]", "[00:00:00; 00:00:01]", "[0.000000; 0.000000]", "[4084.800716; 4141.399284]", 10, -475372.000000
3 selettive più casse a file condivisa, 7, martedì, "[00:00:07; 00:00:08]", "[1.122098; 1.132360]", "[00:00:00; 00:00:01]", "[0.000000; 0.000000]", "[3934.155351; 3987.744649]", 10, -457114.000000
3 selettive più casse a file condivisa, 7, mercoledì, "[00:00:09; 00:00:10]", "[1.149700; 1.160521]", "[00:00:00; 00:00:01]", "[0.000000; 0.000000]", "[4162.401890; 4220.798110]", 10, -484792.000000
3 selettive più casse a file condivisa, 7, giovedì, "[00:00:08; 00:00:09]", "[1.144447; 1.154738]", "[00:00:00; 00:00:01]", "[0.000000; 0.000000]", "[4144.265548; 4199.434452]", 10, -482422.000000
3 selettive più casse a file condivisa, 7, venerdì, "[00:00:08; 00:00:09]", "[1.136439; 1.146783]", "[00:00:00; 00:00:01]", "[0.000000; 0.000000]", "[4112.035630; 4167.464370]", 10, -478570.000000
3 selettive più casse a file condivisa, 7, sabato, "[00:00:07; 00:00:08]", "[1.120325; 1.131278]", "[00:00:00; 00:00:01]", "[0.000000; 0.000000]", "[3869.193558; 3919.606442]", 10, -449128.000000
3 selettive più casse a file condivisa, 7, domenica, "[00:00:06; 00:00:07]", "[1.108065; 1.119197]", "[00:00:00; 00:00:01]", "[0.000000; 0.000000]", "[3561.404015; 3620.695985]", 10, -412726.000000
1 selettiva (leggera) più casse a fila condivisa, 1, lunedì, "[00:06:24; 00:06:30]", "[10.044246; 10.258125]", "[00:00:21; 00:01:18]", "[1654.053392; 1708.246608]", "[4084.800716; 4141.399284]", 10, 1134683.000000
1 selettiva (leggera) più casse a fila condivisa, 1, martedì, "[00:06:23; 00:06:28]", "[9.862498; 10.058687]", "[00:00:17; 00:01:04]", "[1524.934660; 1574.565340]", "[3934.155351; 3987.744649]", 10, 1051278.500000
1 selettiva (leggera) più casse a fila condivisa, 1, mercoledì, "[00:06:27; 00:06:32]", "[10.222725; 10.404781]", "[00:00:14; 00:00:54]", "[1728.282897; 1786.917103]", "[4162.401890; 4220.798110]", 10, 1182908.000000
1 selettiva (leggera) più casse a fila condivisa, 1, giovedì, "[00:06:25; 00:06:31]", "[10.220388; 10.426063]", "[00:00:23; 00:01:25]", "[1698.498234; 1752.701766]", "[4144.265548; 4199.434452]", 10, 1163115.500000
1 selettiva (leggera) più casse a fila condivisa, 1, venerdì, "[00:06:26; 00:06:32]", "[10.212862; 10.418354]", "[00:00:22; 00:01:24]", "[1663.783938; 1716.516062]", "[4112.035630; 4167.464370]", 10, 1140882.500000
1 selettiva (leggera) più casse a fila condivisa, 1, sabato, "[00:06:18; 00:06:23]", "[9.692870; 9.885017]", "[00:00:16; 00:01:01]", "[1475.241516; 1528.458484]", "[3869.193558; 3919.606442]", 10, 1020542.000000
1 selettiva (leggera) più casse a fila condivisa, 1, domenica, "[00:06:10; 00:06:17]", "[9.106346; 9.327387]", "[00:00:28; 00:01:46]", "[1277.480440; 1330.219560]", "[3561.404015; 3620.695985]", 10, 892641.500000
1 selettiva (leggera) più casse a fila condivisa, 2, lunedì, "[00:04:34; 00:04:40]", "[7.540005; 7.717190]", "[00:00:25; 00:01:33]", "[909.855720; 958.744280]", "[4084.800716; 4141.399284]", 10, 565780.000000
1 selettiva (leggera) più casse a fila condivisa, 2, martedì, "[00:04:28; 00:04:33]", "[7.320754; 7.470711]", "[00:00:20; 00:01:16]", "[782.687751; 833.812249]", "[3934.155351; 3987.744649]", 10, 490150.000000
1 selettiva (leggera) più casse a fila condivisa, 2, mercoledì, "[00:04:38; 00:04:44]", "[7.687984; 7.863215]", "[00:00:30; 00:01:50]", "[976.272396; 1024.327604]", "[4162.401890; 4220.798110]", 10, 605380.000000
1 selettiva (leggera) più casse a fila condivisa, 2, giovedì, "[00:04:41; 00:04:46]", "[7.746739; 7.905550]", "[00:00:17; 00:01:06]", "[941.884936; 991.115064]", "[4144.265548; 4199.434452]", 10, 585100.000000
1 selettiva (leggera) più casse a fila condivisa, 2, venerdì, "[00:04:41; 00:04:46]", "[7.745336; 7.884013]", "[00:00:14; 00:00:54]", "[908.471897; 957.828103]", "[4112.035630; 4167.464370]", 10, 565090.000000
1 selettiva (leggera) più casse a fila condivisa, 2, sabato, "[00:04:19; 00:04:24]", "[7.126765; 7.259453]", "[00:00:17; 00:01:04]", "[754.835555; 803.664445]", "[3869.193558; 3919.606442]", 10, 472750.000000
1 selettiva (leggera) più casse a fila condivisa, 2, domenica, "[00:03:52; 00:04:00]", "[6.420434; 6.600549]", "[00:00:34; 00:02:05]", "[620.034296; 664.165704]", "[3561.404015; 3620.695985]", 10, 282728.500000
1 selettiva (leggera) più casse a fila condivisa, 3, lunedì, "[00:02:28; 00:02:36]", "[4.564623; 4.774266]", "[00:00:44; 00:02:45]", "[302.285192; 346.914808]", "[4084.800716; 4141.399284]", 10, -44226.000000
1 selettiva (leggera) più casse a fila condivisa, 3, martedì, "[00:02:17; 00:02:26]", "[4.259224; 4.500483]", "[00:00:59; 00:03:38]", "[214.525744; 253.574256]", "[3934.155351; 3987.744649]", 10, -89427.000000
1 selettiva (leggera) più casse a fila condivisa, 3, mercoledì, "[00:02:40; 00:02:49]", "[4.896568; 5.122991]", "[00:00:47; 00:02:55]", "[342.724998; 387.675002]", "[4162.401890; 4220.798110]", 10, -24576.000000
1 selettiva (leggera) più casse a fila condivisa, 3, giovedì, "[00:02:36; 00:02:43]", "[4.757880; 4.956787]", "[00:00:38; 00:02:23]", "[307.331958; 348.968042]", "[4144.265548; 4199.434452]", 10, -45621.000000
1 selettiva (leggera) più casse a fila condivisa, 3, venerdì, "[00:02:32; 00:02:41]", "[4.658237; 4.888408]", "[00:00:51; 00:03:11]", "[268.213731; 309.286269]", "[4112.035630; 4167.464370]", 10, -67335.000000
1 selettiva (leggera) più casse a fila condivisa, 3, sabato, "[00:02:14; 00:02:24]", "[4.190623; 4.441103]", "[00:00:58; 00:03:34]", "[204.136550; 239.163450]", "[3869.193558; 3919.606442]", 10, -92874.000000
1 selettiva (leggera) più casse a fila condivisa, 3, domenica, "[00:02:01; 00:02:11]", "[3.863839; 4.143018]", "[00:01:14; 00:04:34]", "[170.026304; 203.373696]", "[3561.404015; 3620.695985]", 10, -95643.000000
1 selettiva (leggera) più casse a fila condivisa, 4, lunedì, "[00:00:52; 00:00:59]", "[2.258701; 2.433354]", "[00:00:31; 00:01:55]", "[39.112495; 56.387505]", "[4084.800716; 4141.399284]", 10, -454522.000000
1 selettiva (leggera) più casse a fila condivisa, 4, martedì, "[00:00:40; 00:00:44]", "[1.937692; 2.057414]", "[00:00:15; 00:00:56]", "[12.287544; 20.612456]", "[3934.155351; 3987.744649]", 10, -455044.000000
1 selettiva (leggera) più casse a fila condivisa, 4, mercoledì, "[00:00:56; 00:01:02]", "[2.357897; 2.512041]", "[00:00:24; 00:01:31]", "[40.598166; 55.601834]", "[4162.401890; 4220.798110]", 10, -463732.000000
1 selettiva (leggera) più casse a fila condivisa, 4, giovedì, "[00:00:52; 00:00:58]", "[2.244255; 2.394677]", "[00:00:23; 00:01:25]", "[35.613886; 51.186114]", "[4144.265548; 4199.434452]", 10, -464182.000000
1 selettiva (leggera) più casse a fila condivisa, 4, venerdì, "[00:00:47; 00:00:52]", "[2.118416; 2.241702]", "[00:00:16; 00:00:59]", "[21.287044; 32.812956]", "[4112.035630; 4167.464370]", 10, -470140.000000
1 selettiva (leggera) più casse a fila condivisa, 4, sabato, "[00:00:39; 00:00:43]", "[1.914828; 2.027369]", "[00:00:13; 00:00:48]", "[13.193814; 22.106186]", "[3869.193558; 3919.606442]", 10, -446338.000000
1 selettiva (leggera) più casse a fila condivisa, 4, domenica, "[00:00:34; 00:00:39]", "[1.799598; 1.931716]", "[00:00:18; 00:01:07]", "[7.854340; 14.345660]", "[3561.404015; 3620.695985]", 10, -413866.000000
1 selettiva (leggera) più casse a fila condivisa, 5, lunedì, "[00:00:14; 00:00:16]", "[1.337337; 1.390919]", "[00:00:02; 00:00:11]", "[0.225635; 1.874365]", "[4084.800716; 4141.399284]", 10, -479942.000000
1 selettiva (leggera) più casse a fila condivisa, 5, martedì, "[00:00:10; 00:00:12]", "[1.245486; 1.281033]", "[00:00:01; 00:00:05]", "[-0.021454; 0.321454]", "[3934.155351; 3987.744649]", 10, -462224.000000
1 selettiva (leggera) più casse a fila condivisa, 5, mercoledì, "[00:00:15; 00:00:17]", "[1.357933; 1.403876]", "[00:00:02; 00:00:08]", "[0.390970; 2.809030]", "[4162.401890; 4220.798110]", 10, -489032.000000
1 selettiva (leggera) più casse a fila condivisa, 5, giovedì, "[00:00:14; 00:00:15]", "[1.331002; 1.374580]", "[00:00:02; 00:00:07]", "[0.194709; 0.905291]", "[4144.265548; 4199.434452]", 10, -487292.000000
1 selettiva (leggera) più casse a fila condivisa, 5, venerdì, "[00:00:12; 00:00:14]", "[1.290167; 1.329118]", "[00:00:01; 00:00:06]", "[-0.048902; 0.548902]", "[4112.035630; 4167.464370]", 10, -483620.000000
1 selettiva (leggera) più casse a fila condivisa, 5, sabato, "[00:00:10; 00:00:12]", "[1.240108; 1.276664]", "[00:00:01; 00:00:05]", "[-0.044050; 0.244050]", "[3869.193558; 3919.606442]", 10, -454268.000000
1 selettiva (leggera) più casse a fila condivisa, 5, domenica, "[00:00:09; 00:00:10]", "[1.207140; 1.243291]", "[00:00:01; 00:00:05]", "[-0.007461; 0.507461]", "[3561.404015; 3620.695985]", 10, -417776.000000
1 selettiva (leggera) più casse a fila condivisa, 6, lunedì, "[00:00:04; 00:00:05]", "[1.109180; 1.129039]", "[00:00:00; 00:00:01]", "[0.000000; 0.000000]", "[4084.800716; 4141.399284]", 10, -477972.000000
1 selettiva (leggera) più casse a fila condivisa, 6, martedì, "[00:00:03; 00:00:04]", "[1.084824; 1.099432]", "[00:00:00; 00:00:00]", "[0.000000; 0.000000]", "[3934.155351; 3987.744649]", 10, -459714.000000
1 selettiva (leggera) più casse a fila condivisa, 6, mercoledì, "[00:00:05; 00:00:05]", "[1.118255; 1.136982]", "[00:00:00; 00:00:01]", "[0.000000; 0.000000]", "[4162.401890; 4220.798110]", 10, -487392.000000
1 selettiva (leggera) più casse a fila condivisa, 6, giovedì, "[00:00:04; 00:00:05]", "[1.109830; 1.126065]", "[00:00:00; 00:00:01]", "[0.000000; 0.000000]", "[4144.265548; 4199.434452]", 10, -485022.000000
1 selettiva (leggera) più casse a fila condivisa, 6, venerdì, "[00:00:04; 00:00:05]", "[1.098851; 1.115516]", "[00:00:00; 00:00:01]", "[0.000000; 0.000000]", "[4112.035630; 4167.464370]", 10, -481170.000000
1 selettiva (leggera) più casse a fila condivisa, 6, sabato, "[00:00:03; 00:00:04]", "[1.082939; 1.098939]", "[00:00:00; 00:00:01]", "[0.000000; 0.000000]", "[3869.193558; 3919.606442]", 10, -451728.000000
1 selettiva (leggera) più casse a fila condivisa, 6, domenica, "[00:00:03; 00:00:03]", "[1.073016; 1.086252]", "[00:00:00; 00:00:00]", "[0.000000; 0.000000]", "[3561.404015; 3620.695985]", 10, -415326.000000
1 selettiva (leggera) più casse a fila condivisa, 7, lunedì, "[00:00:01; 00:00:02]", "[1.041909; 1.050505]", "[00:00:00; 00:00:00]", "[0.000000; 0.000000]", "[4084.800716; 4141.399284]", 10, -475372.000000
1 selettiva (leggera) più casse a fila condivisa, 7, martedì, "[00:00:01; 00:00:01]", "[1.033169; 1.040071]", "[00:00:00; 00:00:00]", "[0.000000; 0.000000]", "[3934.155351; 3987.744649]", 10, -457114.000000
1 selettiva (leggera) più casse a fila condivisa, 7, mercoledì, "[00:00:01; 00:00:02]", "[1.045362; 1.053640]", "[00:00:00; 00:00:00]", "[0.000000; 0.000000]", "[4162.401890; 4220.798110]", 10, -484792.000000
1 selettiva (leggera) più casse a fila condivisa, 7, giovedì, "[00:00:01; 00:00:02]", "[1.042251; 1.049097]", "[00:00:00; 00:00:00]", "[0.000000; 0.000000]", "[4144.265548; 4199.434452]", 10, -482422.000000
1 selettiva (leggera) più casse a fila condivisa, 7, venerdì, "[00:00:01; 00:00:01]", "[1.038406; 1.045550]", "[00:00:00; 00:00:00]", "[0.000000; 0.000000]", "[4112.035630; 4167.464370]", 10, -478570.000000
1 selettiva (leggera) più casse a fila condivisa, 7, sabato, "[00:00:01; 00:00:01]", "[1.032405; 1.039293]", "[00:00:00; 00:00:00]", "[0.000000; 0.000000]", "[3869.193558; 3919.606442]", 10, -449128.000000
1 selettiva (leggera) più casse a fila condivisa, 7, domenica, "[00:00:01; 00:00:01]", "[1.028391; 1.033952]", "[00:00:00; 00:00:00]", "[0.000000; 0.000000]", "[3561.404015; 3620.695985]", 10, -412726.000000
1 selettiva (leggera) più casse a fila condivisa, 8, lunedì, "[00:00:00; 00:00:00]", "[1.016369; 1.020792]", "[00:00:00; 00:00:00]", "[0.000000; 0.000000]", "[4084.800716; 4141.399284]", 10, -596165.000000
1 selettiva (leggera) più casse a fila condivisa, 8, martedì, "[00:00:00; 00:00:00]", "[1.012561; 1.016511]", "[00:00:00; 00:00:00]", "[0.000000; 0.000000]", "[3934.155351; 3987.744649]", 10, -573342.500000
1 selettiva (leggera) più casse a fila condivisa, 8, mercoledì, "[00:00:00; 00:00:00]", "[1.017788; 1.022203]", "[00:00:00; 00:00:00]", "[0.000000; 0.000000]", "[4162.401890; 4220.798110]", 10, -607940.000000
1 selettiva (leggera) più casse a fila condivisa, 8, giovedì, "[00:00:00; 00:00:00]", "[1.016232; 1.019760]", "[00:00:00; 00:00:00]", "[0.000000; 0.000000]", "[4144.265548; 4199.434452]", 10, -604977.500000
1 selettiva (leggera) più casse a fila condivisa, 8, venerdì, "[00:00:00; 00:00:00]", "[1.014946; 1.018787]", "[00:00:00; 00:00:00]", "[0.000000; 0.000000]", "[4112.035630; 4167.464370]", 10, -600162.500000
1 selettiva (leggera) più casse a fila condivisa, 8, sabato, "[00:00:00; 00:00:00]", "[1.012269; 1.016020]", "[00:00:00; 00:00:00]", "[0.000000; 0.000000]", "[3869.193558; 3919.606442]", 10, -563360.000000
1 selettiva (leggera) più casse a fila condivisa, 8, domenica, "[00:00:00; 00:00:00]", "[1.010661; 1.013403]", "[00:00:00; 00:00:00]", "[0.000000; 0.000000]", "[3561.404015; 3620.695985]", 10, -517857.500000
1 selettiva (leggera) più casse a fila condivisa, 9, lunedì, "[00:00:00; 00:00:00]", "[1.006112; 1.008518]", "[00:00:00; 00:00:00]", "[0.000000; 0.000000]", "[4084.800716; 4141.399284]", 10, -593565.000000
1 selettiva (leggera) più casse a fila condivisa, 9, martedì, "[00:00:00; 00:00:00]", "[1.004618; 1.006385]", "[00:00:00; 00:00:00]", "[0.000000; 0.000000]", "[3934.155351; 3987.744649]", 10, -570742.500000
1 selettiva (leggera) più casse a fila condivisa, 9, mercoledì, "[00:00:00; 00:00:00]", "[1.006964; 1.009026]", "[00:00:00; 00:00:00]", "[0.000000; 0.000000]", "[4162.401890; 4220.798110]", 10, -605340.000000
1 selettiva (leggera) più casse a fila condivisa, 9, giovedì, "[00:00:00; 00:00:00]", "[1.006180; 1.007604]", "[00:00:00; 00:00:00]", "[0.000000; 0.000000]", "[4144.265548; 4199.434452]", 10, -602377.500000
1 selettiva (leggera) più casse a fila condivisa, 9, venerdì, "[00:00:00; 00:00:00]", "[1.005733; 1.007331]", "[00:00:00; 00:00:00]", "[0.000000; 0.000000]", "[4112.035630; 4167.464370]", 10, -597562.500000
1 selettiva (leggera) più casse a fila condivisa, 9, sabato, "[00:00:00; 00:00:00]", "[1.004599; 1.006283]", "[00:00:00; 00:00:00]", "[0.000000; 0.000000]", "[3869.193558; 3919.606442]", 10, -560760.000000
1 selettiva (leggera) più casse a fila condivisa, 9, domenica, "[00:00:00; 00:00:00]", "[1.003778; 1.005037]", "[00:00:00; 00:00:00]", "[0.000000; 0.000000]", "[3561.404015; 3620.695985]", 10, -515257.500000
